番号,受付日,住所,申告方法,車名,通称名,初度登録年月,総走行距離,型式,原動機型式,不具合装置,発生時期,申告内容の要約
1,2020年06月30日,北海道,ＨＰ,トヨタ,マークＸジオ,2011年03月,"130,200 Km",DBA-ANA15,2AZ,制動装置,２０２０年６月,エンジン始動後の発進時に後輪付近から甲高い金属音が発生した。
2,2020年06月30日,北海道,ﾌﾘｰﾀﾞｲｱﾙ,ホンダ,ＦＲＥＥＤハイブリッド,2017年02月,"41,000 Km",DAA-GB8,LEB-H1,制動装置,５月に気づいた,ブレーキオイルが室内に漏れていた。
3,2020年06月30日,岩手,ＨＰ,ニッサン,セレナ,2012年07月,"108,597 Km",DBA-FNC26,MR20,電気装置,２０２０年６月２８日,走行中に発電機が発電しなくなったため、エンストし、再始動できなくなった。
4,2020年06月30日,新潟,ＨＰ,ニッサン,ノートｅ－ＰＯＷＥＲ,2018年02月,不明,DAA-HE12,HR12-EM57,エンジン,２０２０年６月１３日,駐車場に入れるため一旦停車、ギアチェンジをしてブレーキペダルを離した途端、車が急発進し、７０ｃｍ先の壁に激突した。
5,2020年06月30日,東京,24時間電話,ダイハツ,ハイゼットジャンボ,2009年10月,"95,500 Km",EBD-S201P,KF,エンジン,２０２０年６月２８日に発見,オイル交換時にオイル漏れがあると指摘された。
6,2020年06月30日,東京,ﾌﾘｰﾀﾞｲｱﾙ,マツダ,ビアンテ,2011年01月,"70,000 Km",DBA-CCFFW,PE,乗車装置,不明,駐車しておいたら勝手に鍵が開く。
7,2020年06月30日,千葉,ＨＰ,マツダ,アクセラ,2013年11月,"28,687 Km",DBA-BM5FS,P5,緩衝装置,２０２０年５月,低速（発進時）にステアリングを切ると右前から軽い異音が発生した。ダンパーの不具合と分かり、不具合部品を確認したところ、スプリングを受けるラバーマウンティングが元の形を維持していなく、ベアリングリテイナーも同様に破損していた。
8,2020年06月30日,千葉,ﾌﾘｰﾀﾞｲｱﾙ,ヤマハ,アクシストリート,不明,不明,EBJ-SE53J,E3F1E,その他,不明,警告灯が点灯して、速度計、距離計が出ない。
9,2020年06月30日,愛知,ＨＰ,ＢＭＷ,１１６ｉ,2012年03月,"58,000 Km",DBA-1A16,N13B16A,動力伝達,走行時,車両減速時２０ｋｍ／ｈ以下付近で突然大きな変速ショックが発生した。同じ場面の時に再発した後ドライブトレーン異常ランプが点灯した。
10,2020年06月30日,愛知,ＨＰ,テスラ,モデルＳ,2016年12月,不明,不明,L1S,その他,逐次,センターパネルがブラックアウト、リブートを繰り返す。
11,2020年06月30日,愛知,ﾌﾘｰﾀﾞｲｱﾙ,ニッサン,セレナ,2016年08月,"28,000 Km",DAA-GFC27,MR20-SM24,保安灯火,不明,尾灯のビス留め部に亀裂が出来た。
12,2020年06月30日,静岡,ﾌﾘｰﾀﾞｲｱﾙ,トヨタ,ハイエース,2017年04月,"30,000 Km",CBF-TRH216K,2TR,エンジン,２０１９年６月,上り坂で加速しなくなって失速する。
13,2020年06月30日,三重,ＨＰ,ボルボ,Ｖ６０,2012年10月,"120,000 Km",DBA-FB4164T,B4164T,動力伝達,２０２０年１月,「ミッション機能低下」というエラーメッセージが表示され、走行中にギアが効かなくなり、走行不能になった。
14,2020年06月30日,大阪,ﾌﾘｰﾀﾞｲｱﾙ,ＭＩＮＩ,Ｃｏｏｐｅｒ　Ｃｌｕｂｍａｎ,2020年05月,100 Km,3BA-LV15M,B38A15A,制動装置,２０２０年６月６日,走行中に、電子サイドブレーキが勝手に作動し、走行不能になる。
15,2020年06月30日,福岡,ＨＰ,シトロエン,Ｃ４ピカソ,2017年02月,"22,400 Km",LDA-B78AH01,AH01,排ｶﾞｽ･騒音,２０２０年６月２５日,排気ガスを浄化するために噴射する尿素水が噴射され続けたため、駐車して車を出る際に白煙と酷いアンモニア臭が漂った。
16,2020年06月30日,熊本,ＨＰ,トライアンフ,ストリートトリプルＲ,2012年07月,"9,600 Km",SMTTMD416,6,保安灯火,２０１９年,既に「リコール　外１９２０－０」で出ているものと同様でウインカーステーが１個づつ折れ、結果４個全部折れた。
17,2020年06月30日,宮崎,ＨＰ,ボルボ,Ｖ４０,2013年11月,"108,000 Km",DBA-MB4164T,B4164T,動力伝達,２０２０年６月７日,走行中にメーター液晶部に「トランスミッション性能が低下しています」とのメッセージが表示された。
18,2020年06月29日,北海道,ＨＰ,スバル,レガシィ,2008年10月,"131,979 Km",CBA-BP5,EJ20,動力伝達,２０１９年７月,走行中、主に２速～３速への変速時にまるで追突されたかのような強い変速ショックがあり、その後、メーターパネルに「ＡＴ　ＯＩＬ　ＴＥＭＰ」の警告灯表示と「トランスミッションシステム点検」の表示が出る。
19,2020年06月29日,神奈川,電話,ニッサン,リバティ,不明,"68,000 Km",M12,不明,動力伝達,不明,ＣＶＴの不具合により、走行中に突然加速しなくなり３５ｋｍ／ｈほどしか出せなくなった。
20,2020年06月29日,茨城,ﾌﾘｰﾀﾞｲｱﾙ,メルセデス・ベンツ,Ｅ３５０ブルーテック　ステーションワゴン,2013年11月,"74,000 Km",LDA-212226C,642,燃料装置,不明,フューエルディストリビューターから燃料が漏れた。
21,2020年06月29日,群馬,ﾌﾘｰﾀﾞｲｱﾙ,マツダ,フレアワゴン,2014年01月,"57,000 Km",DBA-MM32S,R06A,走行装置,不明,新車に装着されていたタイヤで、前輪二本のトレッド面が変形して凸凹になったため、走行中に振動が出たり、ハンドルが取られるようになった。
22,2020年06月29日,三重,ＨＰ,ホンダ,ＣＲ－Ｚ,2010年08月,"88,100 Km",DAA-ZF1,LEA-MF6,乗車装置,常時,ドアハンドルの部品不良により、運転席ドアが外から開けられなくなった。
23,2020年06月29日,三重,ﾌﾘｰﾀﾞｲｱﾙ,ＢＭＷ,Ｍ３,2007年11月,"50,000 Km",ABA-WD40,S65B40A,制動装置,不明,ＡＢＳユニットポンプの不良により、ＡＢＳチェックランプが点灯した。
24,2020年06月29日,大阪,ＨＰ,ホンダ,Ｎ－ＢＯＸ　カスタム,2019年11月,"6,749 Km",6BA-JF3,S07B,その他,不明,運転中、突然運転支援システム（運転支援、衝突軽減、ホンダセンシング）が使用出来なくなる。
25,2020年06月29日,兵庫,ＨＰ,スズキ,ワゴンＲスティングレー,2012年11月,"70,800 Km",DBA-MH34S,R06A,その他,２０２０年６月４日,冷房が効かない。
26,2020年06月29日,滋賀,ＨＰ,ニッサン,セレナ,2013年01月,"83,000 Km",DAA-HFC26,MR20-SM23,電気装置,２０２０年６月２２日,オルタネーターの不良により、一般道を走行中、甚だしい異音がしだした。
27,2020年06月29日,山口,ﾌﾘｰﾀﾞｲｱﾙ,三菱,ミニキャブ,不明,"22,600 Km",V-U42T,3G83,燃料装置,不明,燃料を満タンに給油後、坂道に停車していたところ、燃料が大量に漏れた。燃料キャップのパッキン交換を行ったたが、その後も再発をした。
28,2020年06月28日,富山,ＨＰ,スバル,エクシーガ,2010年03月,"20,511 Km",CBA-YA5,EJ20,動力伝達,２０２０年６月１２日,走行中、突然動力伝達が切れたように回転が上がり、その後追突されたような衝撃が発生した。
29,2020年06月28日,東京,ＨＰ,メルセデス・ベンツ,Ｅ３５０ブルーテック,2012年04月,"60,954 Km",LDA-212024C,642,排ｶﾞｽ･騒音,２０２０年３月２日,ＮＯｘセンサー不具合により、警告灯が点灯した。
30,2020年06月28日,山梨,ＨＰ,ニッサン,マーチ,2010年09月,"51,500 Km",DBA-K13,HR12,動力伝達,２０２０年５月警告灯点灯,ＣＶＴ（無段変速機）の不良により、走行中にエンジンがふけなくなり、異常振動が発生した。
31,2020年06月28日,静岡,ＨＰ,ニッサン,デイズルークスハイウエスター,2017年03月,"15,220 Km",DBA-B21A,3B20,保安灯火,２０２０年５月,ドアをロックしても左側のドアミラーが閉じなくなった。ガガガガガッという音がしばらく続く。
32,2020年06月28日,大阪,ＨＰ,ニッサン,モコ,2012年10月,"62,601 Km",DBA-MG33S,R06A,エンジン,２０２０年２月２９日,高速道路を走行中、エンジン下部にてガンッと大きな衝撃音がした後、アクセルペダルを踏んでも進まなくなり、惰性で路肩に停車させた。
33,2020年06月28日,奈良,ＨＰ,ダイハツ,タント,2019年08月,不明,6BA-LA650S,KF,乗車装置,新車で購入時から,下り坂でスライドドアを閉めた時、ガタガタと震えて閉まってロックもしない。スライドドアの内側ドアノブを引いてもドアが閉まらない。
34,2020年06月28日,広島,ＨＰ,スズキ,アルトラパン　Ｘ,2015年12月,"59,849 Km",DBA-HE33S,R06A,保安灯火,２０２０年１月２３日,ヘッドライトの電球が切れていたので交換を依頼したところ、電球が切れただけでなく、ＨＩＤヘッドライトバルブとイグナイタという部品が焼けていた。
35,2020年06月28日,岡山,ＨＰ,トヨタ,ウィッシュ,2012年07月,"38,000 Km",DBA-ZGE20W,2ZR,エンジン,２０２０年４月,バルブリフトコントローラの不良により、エンジン警告灯、ＶＳＣ表示灯が点灯した。
36,2020年06月27日,北海道,ＨＰ,トヨタ,ノア,2006年03月,"115,000 Km",DBA-AZR65G,1AZ,燃料装置,２０１７年７月,給油パイプの錆、劣化により燃料が漏れた。
37,2020年06月27日,千葉,ＨＰ,三菱,ｅＫワゴン,2018年03月,"17,832 Km",DBA-B11W,3B20,保安灯火,２０２０年６月２７日,サイドミラー開閉しようとすると中途半端なところで止まって動かない。
38,2020年06月27日,千葉,ＨＰ,ニッサン,デイズルークス,2019年03月,"7,782 Km",DBA-B21A,3B20,保安灯火,２０２０年６月５日,サイドミラー開閉しようとすると中途半端なところで止まって動かない。
39,2020年06月27日,千葉,ＨＰ,ニッサン,デイズ,2018年03月,"4,623 Km",DBA-B21W,3B20,保安灯火,２０２０年４月２８日,サイドミラー開閉しようとすると中途半端なところで止まって動かない。
40,2020年06月27日,大阪,ＨＰ,プジョー,２０８,2014年03月,"38,000 Km",ABA-A9HM01,HM01,車枠・車体,２０２０年６月,リアスポイラーの外カバーの接着が剥がれて脱落した。
41,2020年06月27日,京都,ＨＰ,ホンダ,Ｎ－ＯＮＥ,2014年03月,"118,000 Km",DBA-JG1,SO7A,保安灯火,２０２０年５月１０日頃,右前照灯が点灯しなくなる。購入後から、２年おきに点灯しなくなり、３回発生している。
42,2020年06月27日,福岡,ＨＰ,ホンダ,Ｎ－Ｂｏｘカスタム,2016年09月,不明,DBA-JF1,S07A,車枠・車体,２０２０年５月３１日,ドアスイッチパネルの塗装が剥がれた。
43,2020年06月26日,長野,ＨＰ,ニッサンＭＴ,マーチ,2013年05月,"39,730 Km",DBA-K13,HR12,エンジン,２０２０年６月１５日ごろ,ファンモーターの不良により、エアコンを点けるとダッシュボードが響くほどのガタガタという異音がし、日増しに酷くなった。
44,2020年06月26日,石川,ＨＰ,いすゞ,ギガ,2012年07月,"204,400 Km",QKG-CXZ77AT,6UZ1,動力伝達,２０２０年６月発見,デフホーシングの溶接ビードよりクラックが発生し、デフオイルが漏れた。
45,2020年06月26日,東京,ﾌﾘｰﾀﾞｲｱﾙ,ニッサン,スカイライン,2020年02月,"8,000 Km",DAA-HNV37,VR30,その他,納車後２か月目から,ツインモニターが日中なのにナビ２画面が夜間モードになる。走行中、突然２画面共ブラックアウトし再起動する。設定画面の車両項目でディライト等の設定項目が出なくなる。
46,2020年06月26日,神奈川,ﾌﾘｰﾀﾞｲｱﾙ,トヨタ,ヴェルファイア,2020年02月,不明,6AA-AYH30W,2AR-2JM-2FM,乗車装置,不明,左後部スライドドアの電動ステップが助手席側に出るため、助手席側に立っている人に当たる。
47,2020年06月26日,愛知,ＨＰ,ニッサン,スカイライン　セダン,2014年07月,"42,000 Km",DBA-ZV37,不明,エンジン,購入してから４ヵ月後,エンジン始動時に異音がする。
48,2020年06月26日,滋賀,ﾌﾘｰﾀﾞｲｱﾙ,ニッサン,ルークス,2012年08月,"46,700 Km",DBA-ML21S,K6A,かじ取り,不明,ステアリングロックの不具合により、エンジンが始動不可になった。
49,2020年06月26日,広島,電話,スズキ,ワゴンＲ,2016年10月,"6,500 Km",DBA-MH34S,R06A,エンジン,不明,市外から帰宅途中に突然ブレーキの効きが悪くなった。その後、自宅付近まで戻り停車時に窓を開けたところ、ゴムが焼けるような匂いがし、その直後、運転席と助手席の間あたりから、煙が上がったため、車外へ避難したところ、発火して車両が全焼した。
50,2020年06月26日,香川,ＨＰ,スズキ,ワゴンＲ,2010年04月,"19,996 Km",DBA-MH23S,K6A,エンジン,２０２０年６月２４日,エアコンコンプレッサーのロックでエンストした。
51,2020年06月26日,熊本,ﾌﾘｰﾀﾞｲｱﾙ,スズキ,ワゴンＲ,2012年03月,"36,800 Km",DBA-MH23S,K6A,その他,２０２０年６月,クーラーが効かない。
52,2020年06月25日,北海道,ＨＰ,ヤマハ,ＸＶＳ９５０ＣＵ　ＢＯＬＴ　Ｃスペック,2019年04月,"15,000 Km",EBL-VN04J,N605E,かじ取り,購入した時より,中速から高速以上で減速時（ニュートラルの時も）、ハンドルが振れる。
53,2020年06月25日,新潟,ＨＰ,スバル,インプレッサＧ４,2013年07月,"50,900 Km",DBA-GJ7,FB20,制動装置,２０１８年,ブレーキマスターバックの空気漏れにより、一晩放置するとブレーキペダルの踏み込みが硬くなる。
54,2020年06月25日,神奈川,ＨＰ,トヨタ,アルファード,2011年01月,"80,000 Km",DBA-ANH20W,2AZ,車枠・車体,２０２０年５月,運転席上部の屋根の塗装がシート状にはがれた。サーフェーサー地は残っており１層目の色からはがれている。
55,2020年06月25日,神奈川,ﾌﾘｰﾀﾞｲｱﾙ,スズキ,スイフト,2017年08月,不明,DBA-ZC83S,K12C,保安灯火,不明,フロントガラスの一部にゆがみがあり、その部分を通してみた際に道路のセンターラインなどが歪んで見える。
56,2020年06月25日,埼玉,ﾌﾘｰﾀﾞｲｱﾙ,スバル,レヴォーグ　１．６ＧＴ－Ｓ,2015年05月,"39,800 Km",DBA-VM4,FB16,エンジン,不明,突然補機ベルトが外れたため、バッテリーランプが点灯し、その後、多数の警告灯が点灯し、パワーステアリングも効かなくなったため、走行を中止し、レッカー搬送した。
57,2020年06月25日,愛知,ＨＰ,ボルボ,ＸＣ６０,2015年09月,"73,000 Km",DBA-DB420XC,B420,エンジン,２０２０年６月,アイドリングストップ作動時にスターターモーターのヒューズが切れ、エンジンが始動できなくなった。
58,2020年06月25日,静岡,ﾌﾘｰﾀﾞｲｱﾙ,アウディ,Ａ５,2010年06月,"81,000 Km",ABA-8TCDNL,CDN,エンジン,２０１３年ごろから,３００ｋｍの走行でエンジンオイルが１リットル消費する。
59,2020年06月25日,大阪,ﾌﾘｰﾀﾞｲｱﾙ,ニッサン,ノート,2015年09月,"45,000 Km",DBA-E12,HR12,エンジン,２０２０年６月２３日,エンジンのインレットパイプに亀裂が生じ、吸気異常が発生したため、走行中にエンストした。
60,2020年06月25日,兵庫,ＨＰ,ダイハツ,タントエグゼ,2010年09月,"142,400 Km",CBA-L455S,不明,車枠・車体,２０２０年６月２４日,信号待ちで停車中に、エンジンルームからゴムの焼ける臭いがあり、エアコンを通じて車内にも臭いが充満した。
61,2020年06月25日,鳥取,ﾌﾘｰﾀﾞｲｱﾙ,日野,デュトロ,2016年08月,"80,000 Km",TKG-XZC675M,N04C,制動装置,不明,ＡＢＳアクチュエーターユニットの不良により、ＡＢＳ警告灯が点灯した。
62,2020年06月25日,高知,ＨＰ,スズキ,ワゴンＲ,2010年02月,"99,200 Km",DBA-MH23S,K6A,エンジン,以前から,ＶＶＴの部品強度不足により、ガラガラ音がする。
63,2020年06月25日,鹿児島,ＨＰ,トヨタ,ハイエースバン　ＤＸ,2019年09月,"5,200 Km",QDF-GDH201V,1GD,その他,購入当初から現在も,左側ミラーに、ダッシュボードからの反射が映り込みがあり後方確認がし辛い。
64,2020年06月25日,鹿児島,ＨＰ,トヨタ,ハイエースバン　ＤＸ,2019年09月,"5,200 Km",QDF-GDH201V,1GD,エンジン,購入当初から現在も,同道路条件下で走行。速度５０ｋｍ／ｈと５５ｋｍ／ｈでタコメーターが４００回転の差が見られ、変速機が切り替わる。
65,2020年06月24日,宮城,ＨＰ,トヨタ,アルファード,2015年07月,"69,900 Km",DBA-AGH35W,2AR,保安灯火,購入時から,ワイパーの拭き取りの位置が右側ピラーから１００数ｍｍの位置で停止するため、雨の日に右側前面が確認しづらく安全確認が困難になる。
66,2020年06月24日,東京,ＨＰ,スバル,エクシーガ,2008年12月,"76,000 Km",CBA-YA5,EJ20,動力伝達,２０２０年５月,低速走行時にいきなり追突されたような衝撃と音が発生した。数日後また同様の現象が発生したため、その後カーショップに持ち込んでＡＴＦを交換したが、翌日また同様の現象が発生した。
67,2020年06月24日,東京,ﾌﾘｰﾀﾞｲｱﾙ,メルセデス・ベンツ,Ｃ２００,2011年01月,"58,000 Km",DBA-204048,不明,走行装置,２０１９，２０２０／６,スピードセンサーが故障した。
68,2020年06月24日,栃木,ﾌﾘｰﾀﾞｲｱﾙ,スズキ,エブリイ,2018年06月,"290,000 Km",EBD-DA17V,R06A,排ｶﾞｽ･騒音,２０２０年６月１５日　車検から戻って気づ,エキゾーストマニホールドから排気漏れした。
69,2020年06月24日,愛知,ＨＰ,ＢＭＷ,３２０ｉ　ツーリング,2015年12月,"39,000 Km",DBA-8A20,B48B20A,燃料装置,２０２０年６月１５日,燃料タンク満タン時にタンク上部から燃料が漏れ、溢れる。
70,2020年06月24日,大阪,ＨＰ,トヨタ,カローラフィールダー,2007年04月,"156,000 Km",DBA-NZE141G,1NZ,車枠・車体,数年前,インパネが経年劣化し、ベトベトになり、水面のように光を反射し、強い太陽光が反射して目に入る。また、反射した太陽光が前面のガラスを白くするため、昼夜共に、前が見えなくなる。
71,2020年06月24日,京都,ﾌﾘｰﾀﾞｲｱﾙ,ホンダ,フィット,2019年09月,"16,000 Km",DBA-GK3,L13B,制動装置,不明,信号で止まろうとしてブレーキペダルを踏むと減速が途中で終わり、ブレーキペダルを強めにふみ直すと停止する。
72,2020年06月24日,京都,ﾌﾘｰﾀﾞｲｱﾙ,トヨタ,アルファード,2009年12月,"96,500 Km",DBA-ANH25W,2AZ,乗車装置,不明,リモコンキーで開錠操作をすると、解除されるロックの音がするが、物理的にロックが解除されず、ドアが開かない。
73,2020年06月24日,兵庫,ＨＰ,ニッサン,セレナｅ－ＰＯＷＥＲ,2019年03月,"7,731 Km",DAA-HFC27,HR12-EM57,その他,２０２０年６月３日以降,車両のフロントバンパーに損傷を発見したが、その損傷に関わる記録がドライブレコーダーに記録されていなかった。
74,2020年06月24日,福岡,ＨＰ,ニッサン,セレナ,2014年04月,"47,000 Km",DAA-HC26,MR20-SM23,動力伝達,２０２０年６月より,ＣＶＴの不良により、アクセルペダルを軽く一定に踏んだ緩やかな加速状態のとき、時速２０ｋｍ～４０ｋｍ（エンジン回転数で１０００～１５００ｒｐｍ程度）の間で極めて異常な振動が発生する。
75,2020年06月23日,北海道,ＨＰ,トヨタ,ＲＡＶ４ハイブリット,2020年01月,不明,6AA-AXAH54,A25A-3NM-4NM,制動装置,納車即日より,ブレーキペダルを踏んだ時にほぼ毎回、メーターパネル奥辺りから高周波の「ピー」という音が鳴る。
76,2020年06月23日,北海道,ﾌﾘｰﾀﾞｲｱﾙ,ニッサン,セレナ,2015年05月,"65,000 Km",DBA-FNC26,MR20,電気装置,不明,オルタネーターの不具合により、走行中にキュルキュル、ポコポコと異音が出始めた。
77,2020年06月23日,秋田,ＨＰ,ボルボ,ＸＣ６０,2012年01月,"96,377 Km",CBA-DB4204TXC,B4204T,動力伝達,２０１５年　購入直後から,運行時エンジンの回転数が安定せず、ギア抜けような症状で、ハンチングする。
78,2020年06月23日,富山,ＨＰ,ホンダ,フィットハイブリッド,2016年01月,"54,553 Km",DAA-GP5,LEB-H1,エンジン,２０２０年４月,パワースイッチの不良により、スマートキーシステム点検の警告が表示された。
79,2020年06月23日,東京,ＨＰ,トヨタ,８６,2012年11月,"68,000 Km",DBA-ZN6,FA20,エンジン,２０２０年３月,アイドリング中、エンジンからカンカンと異音がする。走行によりエンジン回転数が上がると消える。修理で入庫し３ヵ月経つが原因が特定されない。
80,2020年06月23日,千葉,ﾌﾘｰﾀﾞｲｱﾙ,その他,ハイエース用の強化リヤゲートダンパー,不明,不明,不明,不明,装置その他,不明,サンライズコーポレーション製のハイエース用の強化リヤゲートダンパーを装着したところ、取り付けて半日で固定用のピンがはじけ飛び、開放中のリヤゲートが落下したため、使用者がドアに挟まれてしまった。
81,2020年06月23日,埼玉,ＨＰ,カワサキ,ＺＸ－１２Ｒ,2001年04月,"20,500 Km",ZXT20A,ZXT20AE,車枠・車体,２０００年１２月１日,カーブを曲がろうとしても車体が直進する。
82,2020年06月23日,栃木,ﾌﾘｰﾀﾞｲｱﾙ,ニッサン,デイズ,2015年11月,"29,900 Km",DBA-B21W,3B20,保安灯火,２０２０年６月２３日午後１３時頃,左ドアミラーが開かなくなった。車両のロック時に自動開閉式となっているが、ロックを解除した時にモーター音だけか鳴る。自動開閉ボタンも押したが同じ反応になる。
83,2020年06月23日,岐阜,ＨＰ,ＢＭＷ,Ｓ１０００ＲＲ,2020年02月,"2,300 Km",2BL-S10AA,A10A10A,エンジン,２０２０年６月１８日,高速道路走行中にエンジンから突然異音がして速度が落ちていった。メーターに警告が表示されたが、走行可能とのことなのでそのまま走行を試みたが、エンジンから鈍い音ががしてエンジンが停止し、再始動不能になった。
84,2020年06月23日,大阪,ＨＰ,ニッサン,デイズハイウェイスター,2014年05月,"102,300 Km",17552-0005,3B20,保安灯火,２０２０年５月,ドアロック時に左ドアミラーが格納しなくなった。
85,2020年06月23日,岡山,ＨＰ,スバル,レガシィ,2009年06月,"108,000 Km",DBA-BR9,EJ25,動力伝達,２０１９年中頃から度々発生,シフトアップ時に変速がうまくつながらず、いったん空転して回転数が上がり、そのあと追突されたようなショックを繰り返し、変速が不安定となる。
86,2020年06月23日,岡山,ＨＰ,スバル,レヴォーグ,2014年09月,"66,900 Km",DBA-VM4,FB16,保安灯火,以前は４万ｋｍ現在７万ｋｍ,ドアミラーが動かなくなる、また固定ができずぐらつく。
87,2020年06月23日,香川,ＨＰ,ニッサン,エクストレイル,2012年01月,"86,000 Km",LDA-DNT31,M9R,エンジン,２０１９年１２月,フライホイールから二硫化モリブデングリスが漏れた。
88,2020年06月23日,香川,ＨＰ,ニッサン,エクストレイル,2012年01月,"86,000 Km",LDA-DNT31,M9R,エンジン,２０２０年６月,エンジンオイル交換時にオイルラインからのオイル吹き出し、漏れを発見した。
89,2020年06月23日,高知,来訪,ＴＭＵＫ（生産国：イギリス）,アベンシス,2006年03月,"79,200 Km",CBA-AZT250W,1AZ,燃料装置,初度登録年から約１０年、総走行距離７５０,燃料ポンプケース上部に亀裂が生じ、ガソリンの臭いがするようになった。
90,2020年06月23日,長崎,ﾌﾘｰﾀﾞｲｱﾙ,マツダ,デミオ,2017年05月,"25,000 Km",DBA-DJ3FS,P3,電気装置,不明,エンジンを始動しようとしたが、エンジンがかからなかったため、エンジンルームを開けたところ、プラグコードの配線が焼けただれていた。
91,2020年06月23日,不明,ﾌﾘｰﾀﾞｲｱﾙ,スズキ,ワゴンＲスティングレー,2009年10月,"60,000 Km",CBA-MH23S,K6A,乗車装置,不明,キーレスで外からはドアをロック出来ない。
92,2020年06月22日,宮城,ＨＰ,スバル,フォレスター,2013年07月,"52,799 Km",DBA-SJ5,FB20,エンジン,２０２０年６月,エンジンのオイルコントロールバルブのソレノイド部からオイル漏れが発生し、ハーネスを伝って上までオイルがあがってきた。
93,2020年06月22日,東京,ＨＰ,トヨタ,エスティマ　アエラス,不明,"120,000 Km",ACR50,不明,エンジン,２０１８年,エンジンオイルが異常に消費するようになった。
94,2020年06月22日,東京,ＨＰ,トヨタ,エスティマ　アエラス,不明,"120,000 Km",ACR50,不明,動力伝達,２０２０年６月,ＣＶＴの不良により、一般道を走行中、突然ギア抜けしてエンジン吹け上がり、走行不能になった。
95,2020年06月22日,神奈川,ＨＰ,ＢＭＷ,１１６ｉ,2014年11月,"49,600 Km",DBA-1A16,N13B16A,動力伝達,２０２０年６月２１日,走行中、加速時の振動が大きくなるとともに、ドライブトレーンの警告が出た。アイドリングの回転数は１２００程度となり、振動もとても大きくなった。
96,2020年06月22日,神奈川,ﾌﾘｰﾀﾞｲｱﾙ,トヨタ,アルファード,2011年01月,"75,700 Km",DBA-ANH20W,2AZ,車枠・車体,一か月前,サンシャインパール色塗装の車で、天井の塗装が３０ｃｍｘ５０ｃｍほどの大きさで剥がれた。
97,2020年06月22日,愛知,ＨＰ,ニッサン,デイズ,2017年06月,"19,900 Km",DBA-B21W,3B20,保安灯火,２０２０年６月,助手席側ドアミラーが、モーター音はするが、自動開閉できなくなった。
98,2020年06月22日,愛知,ＨＰ,ニッサン,デイズルークス,2015年07月,"28,000 Km",DBA-B21A,3B20,エンジン,２０２０年６月,車検点検時、エンジンルームから異音がしたため、点検したところ、ラジエターファンにガタが確認された。
99,2020年06月22日,岐阜,ﾌﾘｰﾀﾞｲｱﾙ,スズキ,パレット,不明,不明,MK21S,不明,保安灯火,不明,ブレーキランプが球切れしていないのに不点灯になる。
100,2020年06月22日,大阪,ＨＰ,フォルクスワーゲン,ザ・ビートル,2018年08月,"24,286 Km",ABA-16CZD,CZD,エンジン,２０２０年６月１８日,カムシャフトアジャスタユニットの不良により、エンジン始動時、運転時の異音が継続する。
101,2020年06月22日,大阪,ﾌﾘｰﾀﾞｲｱﾙ,ニッサンＭＴ,マーチＮＩＳＭＯ,2017年08月,不明,DBA-K13,HR12,その他,２０２０年,エアコンＣＰＵシステムが悪く、使用していると、突然切れてしまう。
102,2020年06月22日,大阪,ﾌﾘｰﾀﾞｲｱﾙ,スズキ,アドレス１１０,不明,不明,2BJ-CE47A,不明,保安灯火,不明,方向指示器作動時に音が出ないため、消し忘れに気が付くことが出来ない。
103,2020年06月22日,不明,ﾌﾘｰﾀﾞｲｱﾙ,ダイハツ,ウェイク,2020年06月,不明,4BA-LA700S,KF,車枠・車体,不明,ワイパーカウルの中央あたりがフロントガラスから浮いて離れていた。
104,2020年06月21日,福島,ＨＰ,トヨタ,アルファード,2003年05月,"210,000 Km",UA-ANH15W,2AZ,燃料装置,２０２０年６月,ガソリンパイプのエア抜き管が錆びて腐食し、穴が開いていたため、ガソリンを満タンに給油したところ、ガソリンが漏れた。
105,2020年06月21日,神奈川,ＨＰ,トヨタ,ヴェルファイア,2010年10月,"65,000 Km",DBA-ANH20,2AZ,エンジン,２０２０年４月,エンジンオイルが激減する。
106,2020年06月21日,京都,ＨＰ,トヨタ,ランドクルーザープラド,2007年06月,"114,970 Km",CBA-TRJ120W,2TR,車枠・車体,２０１８年頃から,ホワイトパールクリスタルシャイン（０７０）色塗装の車で、ドアの塗装の剥がれが徐々に始まり、ボンネットやルーフの塗装にも大きな亀裂が入るようになってきた。
107,2020年06月21日,京都,ＨＰ,ホンダ,Ｎ－ＯＮＥ,2016年03月,"34,000 Km",DBA-JG1,S07A,エンジン,２０２０年４月,低速でエンジン回転が２０００回転ぐらいまでで走行中、ノッキングの様な症状が出始め、アクセルペダルを踏んでも加速をしない。エンジンが止まりそうになる。
108,2020年06月21日,兵庫,ＨＰ,三菱,ギャランフォルティススポーツ,2011年02月,"130,000 Km",DBA-CX3A,4B10,制動装置,２０１９年１１月,アンチロックブレーキシステム点検の表示が出る、警告音はピーピーと２回鳴る。
109,2020年06月20日,神奈川,ＨＰ,スズキ,ワゴンＲスティングレー,2011年02月,"87,100 Km",DBA-MH23S,K6A,かじ取り,２０２０年１月２９日,電動ステアリングロックの不良により、エンジンがかからなくなった。
110,2020年06月20日,千葉,ＨＰ,ボルボ,Ｖ６０,2012年09月,"59,700 Km",DBA-FB4164T,B4164T,動力伝達,２０２０年６月,ＤＣＴ（自動変速機）の不具合により、ギヤが抜けてエンジン回転数が急激に上がる。クラッチのセイノウテイカエラーが表示される。
111,2020年06月20日,埼玉,ＨＰ,スズキ,クロスビー,2018年12月,"11,000 Km",DAA-MN71S,K10C-WA05A,制動装置,２０２０年６月１９日,前方に何もない状態で突然緊急ブレーキが作動し停止した。停止後はエンストして発進できなくなり、一度Ｐレンジに入れ再始動し、ようやく発進した。
112,2020年06月20日,埼玉,ＨＰ,ニッサン,モコ,2010年02月,"70,400 Km",DBA-MG22S,K6A,動力伝達,２０２０年５月,ラジエターリザーブタンクのひび割れ部から冷却水が漏れ、インヒビタースイッチに冷却水がかかったため、Ｐレンジでエンジンがかからなくなった。
113,2020年06月20日,愛知,ＨＰ,スバル,レガシィツーリングワゴン,2011年09月,"77,200 Km",DBA-BR9,EJ25,動力伝達,２０２０年２月ぐらいから,トルクコンバーターの不具合により、ロックアップが解除されずに急ブレーキの時だけエンストする。
114,2020年06月20日,山口,ＨＰ,ホンダ,ＣＢ１１００,2015年11月,"17,100 Km",EBL-SC65,SC65E,エンジン,２０２０年１月頃,渋滞時にアイドリング回転が低下してエンストした。さらにアイドリング回転が規定値より５００から１０００回転近く上昇して、発進時に急加速した。
115,2020年06月19日,北海道,ＨＰ,ＢＭＷ,Ｘ１　ｘＤｒｉｖｅ　２０ｉ,2014年05月,"6,769 Km",DBA-VM20,N20B20A,エンジン,２０１５年５月,インジェクターおよび、スパークプラグの故障により、アイドリングが不安定になり、エンジンチェックランプが点灯した。また走行中にエンストした。
116,2020年06月19日,長野,ﾌﾘｰﾀﾞｲｱﾙ,スズキ,スイフト,2014年02月,"71,500 Km",DBA-ZC72S,K12B,動力伝達,２０２０年,パドルシフトスイッチ不良により、パドル操作によるシフトダウンが出来なくなった。
117,2020年06月19日,東京,ＨＰ,メルセデス・ベンツ,ＭＬ３５０　ブルーテック,2015年06月,"24,000 Km",LDA-166024,642,排ｶﾞｽ･騒音,２０２０年６月,Ｎｏｘセンサーの不良により、高速道路を走行中に突然エンジンチェックランプが点灯した。
118,2020年06月19日,東京,ＨＰ,シトロエン,Ｃ４　グランドピカソ,不明,不明,ABA-B7875G01,不明,車枠・車体,２０１８年９月,電動サンシェードの開閉をしていると、バチンと音と共に壊れて開いたままになってしまう。手動でも閉められなくなってしまう。
119,2020年06月19日,神奈川,ＨＰ,マツダ,フレアクロスオーバー,2015年08月,"30,000 Km",DAA-MS41S,R06A-WA04A,エンジン,２０１９年,オートテンショナーの不良により、加速中にエンジン回転が２０００～２８００ｒｐｍあたりになると、エンジンルームからカタカタと異音が出る。
120,2020年06月19日,千葉,ＨＰ,スズキ,パレットＳＷ,2012年12月,"77,000 Km",DBA-MK21S,K6A,かじ取り,２０２０年６月,ステアリングロックユニットの不具合により、ハンドルロックの機能が解除できず、エンジンが始動しなくなった。
121,2020年06月19日,埼玉,ＨＰ,スズキ,アルトラパン,2015年10月,"8,100 Km",DBA-HE33S,R06A,エンジン,２０２０年６月１８日,エコモードを使用し、ほぼ平坦なところで発進しようとしたが、車が進まなかった。
122,2020年06月19日,愛知,ﾌﾘｰﾀﾞｲｱﾙ,フォルクスワーゲン,ザ・ビートル,2015年03月,"49,100 Km",DBA-16CBZ,CBZ,保安灯火,不明,右ハンドル車で、左側ドアミラーの映す範囲が悪く、左後方の視界が確保できない。
123,2020年06月19日,大阪,ﾌﾘｰﾀﾞｲｱﾙ,スズキ,スペーシア,2018年11月,不明,DAA-MK53S,R06A-WA05A,制動装置,不明,５０ｋｍ／ｈで走行中に被害軽減ブレーキが不要作動し、急ブレーキがかかった。
124,2020年06月19日,兵庫,ﾌﾘｰﾀﾞｲｱﾙ,スズキ,ワゴンＲ,2011年03月,"62,500 Km",DBA-MH23S,K6A,かじ取り,２０２０年５月３０日,電動ステアリングロックの不良により、エンジンが始動しなくなった。
125,2020年06月18日,北海道,ﾌﾘｰﾀﾞｲｱﾙ,アウディ,Ａ６,2012年04月,"49,000 Km",ABA-4GCHVS,CHV,エンジン,２０２０年６月,冷却水のバルブの故障で、さびが広がりエンジンがかからなくなった。
126,2020年06月18日,北海道,ﾌﾘｰﾀﾞｲｱﾙ,アウディ,Ａ６,2012年04月,"49,000 Km",ABA-4GCHVS,CHV,動力伝達,２０１８年１１月,メカトロニクスの不具合により、走行不能になった。
127,2020年06月18日,福島,ＨＰ,メルセデス・ベンツ,Ｓ３００ｈ,2016年09月,"12,500 Km",LCA-222004,651-EM0007,排ｶﾞｽ･騒音,不明,１８０００ｋｍ走行でＮＯｘセンサーが故障した。
128,2020年06月18日,秋田,ＨＰ,ニッサン,エクストレイル,2015年05月,"39,138 Km",DAA-HNT32,MR20-RM31,電動機(モーター),２０２０年６月１７日,一般道を走行中、ハイブリッドシステム異常が点灯して走行不能になった。
129,2020年06月18日,新潟,ﾌﾘｰﾀﾞｲｱﾙ,トヨタ,エスティマ,2008年03月,"104,000 Km",DBA-ACR55W,2AZ,エンジン,不明,エンジンオイルの消費が増大した。
130,2020年06月18日,東京,ＨＰ,マツダ,ＣＸ－５,2018年09月,"10,350 Km",3DA-KF2P,SH,その他,納車直後から,ダッシュボートセンターの奥にあるヒーターユニット（ＰＴＣユニット：運転席側にある部品）より異音が発生する。
131,2020年06月18日,東京,ﾌﾘｰﾀﾞｲｱﾙ,トヨタ,クラウン,2008年06月,"60,000 Km",DBA-GRS200,4GR,エンジン,不明,ＶＶＴ－ｉ（カムシャフト）の不良により、エンジン始動時にガラガラ音が発生する。
132,2020年06月18日,神奈川,ﾌﾘｰﾀﾞｲｱﾙ,メルセデス・ベンツ,ＧＬＡ１８０,2015年02月,"75,700 Km",DBA-156942,270,エンジン,不明,走行中にエンストした。
133,2020年06月18日,茨城,ＨＰ,ニッサン,フーガハイブリッド,2012年03月,"195,171 Km",DAA-HY51,VQ35-HM34,電動機(モーター),２０１８年１２月頃,本来ならＥＶ走行するところをエンジンのみで走行する。
134,2020年06月18日,茨城,ＨＰ,ニッサン,ルークス,2011年10月,"77,100 Km",DBA-ML21S,K6A,かじ取り,２０２０年６月１５日,ステアリングロックユニットの不良により、イモビライザー警告灯が点灯し、エンジンがかからなくなった。
135,2020年06月18日,茨城,ﾌﾘｰﾀﾞｲｱﾙ,カワサキ,ＫＬＸ２３０,2019年12月,不明,2BK-LX230A,不明,排ｶﾞｽ･騒音,不明,カムカバーに接続しているブローバイホースが、カムシャフトのすぐ近くに繋がっているため、オイルミストがホースに吸われやすく、エアクリーナーにオイルが多く回ってしまう。
136,2020年06月18日,三重,ﾌﾘｰﾀﾞｲｱﾙ,ホンダ,ＣＢＲ１０００ＲＲ－Ｒ,2020年04月,"1,500 Km",2BL-SC82,SC82E,エンジン,購入してから３回発生,クラッチを切り、シフトダウンをする際にエンストする。
137,2020年06月18日,大阪,ＨＰ,ヤマハ,マジェスティｓ,2015年01月,"11,000 Km",JBK-SG28J,G3B8E,エンジン,購入後すぐ,発進する時にグリップを回すとエンストする。
138,2020年06月18日,兵庫,ﾌﾘｰﾀﾞｲｱﾙ,三菱,ふそうスーパーグレート,不明,"400,000 Km",QPG-FS64VZ,不明,エンジン,不明,オイルミストセパレータ・ＣＣＶフィルターの目詰まりについて、リコールを受けたが、その後に目詰まりした。
139,2020年06月17日,東京,ＨＰ,メルセデス・ベンツ,Ｅ２２０ＢｌｕｅＴｅｃ,2016年04月,"62,500 Km",LDA-212201,651,燃料装置,２０１８年６月１３日,インジェクターの不良により、信号待ちの時に突然エンジンが凄まじい振動を起こした。登り坂の途中だったため、安全な場所へ移動しようと試みが、その時にシフトチェンジをせず、速度もほとんど出なかった。
140,2020年06月17日,神奈川,ＨＰ,ダイハツ,ミラココア,2013年05月,"50,660 Km",DBA-L675S,KF,エンジン,不明,冷間始動時にエンジンからカタカタ音がする。
141,2020年06月17日,茨城,ＨＰ,マツダ,アクセラスポーツ,2011年06月,"114,811 Km",DBA-BL5FW,ZY,車枠・車体,２０２０年６月１５日,車検後、インフォメーションウインドウの上に隙間ができていた。
142,2020年06月17日,兵庫,ＨＰ,三菱,ふそうキャンター,2014年08月,"372,173 Km",TKG-FEB50,4P10,燃料装置,２０２０年６月１日,コモンレールサプライポンプ不良により、高速道路を走行中にエンジン警告灯が点灯するとともにエンジンが停止し、惰性で路肩に流れ着いた。
143,2020年06月16日,東京,ＨＰ,アウディ,ＴＴ,2008年06月,"40,000 Km",ABA-8JBWA,BWA,動力伝達,２０２０年４月,スタート時にミッションが噛み合っていないようにガクガクとスタートする。バックに入れるときなども、しばらくしてからギアが入る。エンジン回転数が落ち込み、吹け上がらないことがある。
144,2020年06月16日,千葉,ＨＰ,ニッサン,セレナ,2014年05月,"52,000 Km",DDA-HFC26,MR20-SM23,動力伝達,２０２０年６月,ＣＶＴ（無段変速機）の不良により、走行中に大きな音がするとともにガタガタと激しく振動して走行不能になった。
145,2020年06月16日,千葉,ﾌﾘｰﾀﾞｲｱﾙ,ニッサン,ティーダ,2008年04月,"30,000 Km",DBA-C11,HR15,エンジン,２０２０年５月３０日,国道走行中に４度もエンストした。ディーラーに相談して調査を受けているが原因が特定されない。
146,2020年06月16日,愛知,ＨＰ,ＢＭＷ,ミニ,2016年10月,"18,900 Km",DBA-LN15,B38A15A,動力伝達,２１０００ｋｍ超えたところ,パーキングの認識をせず、車両動き出し注意という警告が出る。
147,2020年06月16日,愛知,ﾌﾘｰﾀﾞｲｱﾙ,トヨタ,レジアスエース,2018年08月,不明,QDF-GDH211K,1GD,その他,不明,インパネの速度計や距離計等が消えて、安全装置の道路を模した三角形画面に勝手に切り替わることがある。
148,2020年06月16日,愛知,ﾌﾘｰﾀﾞｲｱﾙ,トヨタ,カローラツーリング,2020年01月,不明,6AA-ZWE211W,2ZR-1NM,エンジン,２０２０年６月１２日,送迎で、エンジンをかけてハザード点灯したまま停車していた後、ＰからＤに入れたところエンストした。
149,2020年06月16日,愛知,ﾌﾘｰﾀﾞｲｱﾙ,トヨタ,レジアスエース,2018年08月,不明,QDF-GDH211K,1GD,その他,１年ほど前から,衝突センサーが勝手にオフになり、アラームが鳴らない状態になる。
150,2020年06月16日,広島,ＨＰ,トヨタ,クラウン,2019年01月,"14,944 Km",6AA-AZSH20,A25A-1KM,その他,２０２０年６月１５日,エアコンの操作画面では正常に起動しているように表示されているが、送風されず冷房が全く効かない。
151,2020年06月16日,鳥取,来訪,フォルクスワーゲン,トゥアレグ３．６　Ｖ６,2007年06月,"52,340 Km",ABA-7LBHKS,BHK,燃料装置,不明,リコールで改修された燃料ポンプフィルターフランジ部から燃料が漏れている。
152,2020年06月16日,岡山,ＨＰ,ニッサン,デイズルークス　ｂｏｌｅｒｏ,2017年01月,"45,219 Km",DBA-B21A,3B20,保安灯火,２０２０年６月,助手席側ドアミラーが開かなくなった。
153,2020年06月16日,岡山,ＨＰ,ニッサン,デイズルークス　ｂｏｌｅｒｏ,2017年01月,"45,219 Km",DBA-B21A,3B20,その他,２０２０年６月,エアコンのコンデンサーパイプのＯリング不良により、エアコンが効かなくなった。
154,2020年06月16日,佐賀,ＨＰ,スズキ,ワゴンＲ,2010年03月,"74,600 Km",DBA-MH23S,K6A,保安灯火,近頃,パワーウィンドウが動かない。
155,2020年06月15日,新潟,ﾌﾘｰﾀﾞｲｱﾙ,マツダ,ＡＺ－ワゴン,2012年05月,"72,400 Km",DBA-MJ23S,K6A,かじ取り,２０２０年,電動ステアリングロックの不良により、突然エンジンがかからなくなった。
156,2020年06月15日,長野,ＨＰ,ダイハツ,エッセ,2011年03月,"41,400 Km",DBA-L245S,KF,乗車装置,２０２０年,バックのドアのハンドルのバネが取れてスカスカする。
157,2020年06月15日,長野,ﾌﾘｰﾀﾞｲｱﾙ,いすゞ,ギガ,2013年02月,"620,000 Km",QKG-CYJ77A,6UZ1,動力伝達,不明,変速機のアクチュエーターの不良により、走行中にギアが入らなくなった。
158,2020年06月15日,東京,ＨＰ,スバル,ＸＶ,2020年03月,不明,5AA-GTE,FB20-MA1,その他,２０２０年４月　高速道路上,スバル　純正ナビに搭載しているＥＴＣ２．０「ＥＰ－Ｊ０１９ＳＸＦＪ」において、道路情報受信音（ブザー音）が過度に大音量である上、調整ができない。
159,2020年06月15日,神奈川,ﾌﾘｰﾀﾞｲｱﾙ,ジープ,コンパス,不明,不明,ABA-M624,B,その他,不明,カーナビ、オーディオ、エアコン等を統合制御しているユニットの不良により、運転中にカーナビがブラックアウトしたり、オーディオやエアコンが勝手に全開になるなどの症状が出る。
160,2020年06月15日,愛知,ﾌﾘｰﾀﾞｲｱﾙ,ランドローバー,ディスカバリー４,2015年10月,"20,000 Km",ABA-LA3SB,306PS,エンジン,２０２０年２月下旬,走行中にエンジンが点火不良のような不調になった。ディーラーにて、４番・５番シリンダのミスファイアと診断され、ＰＣＭアップデートが行われたが、１か月で再発し、エンジンを確認したところ、シリンダー内部に傷ができていると判った。
161,2020年06月15日,大阪,24時間電話,トヨタ,プリウス,2008年09月,"65,800 Km",DAA-NHW20,1NZ-3CM,電気装置,２０２０年６月１５日１２時ごろ,バッテリーが上がったようで、車が動かなくなった。
162,2020年06月15日,大阪,ﾌﾘｰﾀﾞｲｱﾙ,メルセデス・ベンツ,Ｅ４００　４ＭＡＴＩＣステーションワゴン,2017年08月,不明,RBA-213271,276,制動装置,２０２０年６月１２日,雨天の高速道路を走行中、アラームとほぼ同時に被害軽減ブレーキが作動し、急ブレーキになった。
163,2020年06月15日,兵庫,ﾌﾘｰﾀﾞｲｱﾙ,スズキ,ジムニーシエラ,2019年01月,不明,3BA-JB74W,K15B,動力伝達,購入一週間後から,走行中にトランスファーから異音がする。ディーラーで調査時にトランスファーを開けたところ、異音の原因であるかどうかは不明であるものの、内部で使用されているベアリングが焼けていた。
164,2020年06月14日,長野,ＨＰ,トヨタ,ノア,2014年02月,"44,955 Km",DBA-ZRR80G,3ZR,エンジン,２０２０年６月１３日,一般道路を走行中、突然メーター内のエンジンチェックランプや三角形ビックリマーク、ＴＲＣランプが点灯した。
165,2020年06月14日,東京,ＨＰ,ボルボ,ＸＣ６０,不明,不明,CBA-DB4204TXC,不明,動力伝達,２０１８年３月、２０２０年２月,高速を走っていたら、突然２速になり、物凄いエンジンブレーキが掛かり、追突されそうになった。その後、メーターパネルにミッション機能低下表示が出ていた。
166,2020年06月14日,愛知,ＨＰ,ダイハツ,ハイゼット,2008年07月,"47,829 Km",EBD-S201P,KF,エンジン,２０２０年６月１日,エンジンのクランクシャフトが折れて、オイルパンを突き破った。
167,2020年06月14日,愛知,ＨＰ,メルセデス・ベンツ,Ａ１８０,2018年12月,不明,5BA-177084,282,乗車装置,２０２０年６月７日,走っている最中にＳＲＳシステム異常の表示が出た。
168,2020年06月14日,宮崎,ＨＰ,ボルボ,ＸＣ６０,2017年09月,"24,030 Km",LDA-DD4204TXC,D4204T,乗車装置,恐らくは購入当初より,運転席側ドアの下部が浮いているのを発見した。
169,2020年06月13日,岐阜,ＨＰ,ニッサン,ＮＶ３５０キャラバン,2015年01月,"130,000 Km",LDF-VW2E26,YD25,排ｶﾞｽ･騒音,２０２０年４月,走行中にＤＰＦ表示があり、車の振動が大きくなったが、ＤＰＦ再生スイッチは点灯せず、処理ができない。
170,2020年06月13日,岐阜,ＨＰ,ニッサン,ＮＶ３５０キャラバン,2015年01月,"126,000 Km",LDF-VW2E26,YD25,燃料装置,２０１９年１２月,燃料噴射ノズルの不良により、高速道路を運転中に突然エンジンから金属音がして車体が激しく揺れ、速度が上がらなくなったため、危険を感じて停止した。
171,2020年06月13日,大阪,ＨＰ,スバル,ＢＲＺ,2012年07月,"53,400 Km",DBA-ZC6,FA20,動力伝達,不明,レリーズベアリング不良により、クラッチ操作に問題が生じた。部品交換後、１年未満で再発した。
172,2020年06月13日,兵庫,ﾌﾘｰﾀﾞｲｱﾙ,ダイハツ,ハイゼット,2016年11月,"23,200 Km",EBD-S321V,KF,制動装置,２０２０年０６月１３日　１５時３０分,法定速度内の速度で、タイヤも新しく荒い運転もしていないのにも関わらず、雨天の下りカーブでスリップし、ガードレールに突っ込んだ。
173,2020年06月13日,福岡,ＨＰ,スバル,レガシィアウトバック,2014年12月,"88,222 Km",DBA-BS9,FB25,エンジン,２０２０年６月４日,ショッピングモール内の駐車場を低速で走行中、いきなりエンジンがストップし、走行不能になった。
174,2020年06月12日,北海道,ＨＰ,ニッサン,ウイングロード,2007年05月,"59,944 Km",DBA-NY12,HR15,動力伝達,３か月前程から,ｅ４ＷＤ方式の無段変速機搭載車で、バック（Ｒ）に入れてもエンジン回転を上げないと後退しない。
175,2020年06月12日,東京,ＨＰ,トヨタ,ランドクルーザープラド,2006年04月,"120,000 Km",CBA-TRJ120W,2TR,車枠・車体,２０１９年２月,ホワイトパール塗装色の車で、ドア４枚とルーフの塗装がパリパリと剥がれ出し、グレーの下地が露出した。
176,2020年06月12日,東京,ﾌﾘｰﾀﾞｲｱﾙ,ホンダ,オデッセイ,2012年01月,"98,000 Km",DBA-RB3,K24A,エンジン,不明,下り坂でエンジンチェックランプが点灯し、加速しなくなった。車庫に入れるとエンジンがばらつき、ストールした。
177,2020年06月12日,茨城,ＨＰ,スバル,レガシィツーリングワゴン,2014年06月,"36,000 Km",DBA-BRG,FA30,動力伝達,１年点検時,ＣＶＴオイルが漏れた。
178,2020年06月12日,愛知,ﾌﾘｰﾀﾞｲｱﾙ,ボルボ,ＸＣ６０,不明,"35,000 Km",不明,不明,動力伝達,不明,オートマチックトランスミッションが故障した。
179,2020年06月12日,静岡,ＨＰ,ホンダ,Ｎ－ＯＮＥ,2016年02月,不明,DBA-JG1,S07A,車枠・車体,２０１９年８月,フロントパネルの一部が外れた。その後パネル全体も外れた。
180,2020年06月12日,岐阜,ＨＰ,ニッサン,セレナ,2013年08月,"50,000 Km",DAA-HFC26,MR20-SM23,車枠・車体,約１年前,外傷も何も無いところから、突然塗装が剥がれた。
181,2020年06月12日,岐阜,ﾌﾘｰﾀﾞｲｱﾙ,ニッサン,スカイライン,2019年10月,不明,DAA-HV37,VQ35-HM34,その他,不明,自動運転でカーナビの表示する場所がずれる。
182,2020年06月12日,岐阜,ﾌﾘｰﾀﾞｲｱﾙ,ニッサン,スカイライン,2019年10月,不明,DAA-HV37,VQ35-HM34,動力伝達,不明,後退時、普段はモーターで動くところ、電池切れでガソリンモードに変更されると急加速して、ブレーキをかけなければならなくなる。
183,2020年06月11日,新潟,ＨＰ,ニッサン,ルークス,2011年12月,"101,661 Km",DBA-ML21S,K6A,かじ取り,２０２０年６月１０日,ステアリングロックの不良により、プッシュスタートスイッチを押してもイグニッションＯＮにはなるが、スターターが作動しない。
184,2020年06月11日,神奈川,電話,フォルクスワーゲン,ゴルフ,不明,不明,不明,不明,燃料装置,不明,燃料パイプが外れ、エンジンが停止した。
185,2020年06月11日,神奈川,ＨＰ,ポルシェ,ケイマン,2009年07月,"45,000 Km",ABA-987MA120,MA120,動力伝達,２０２０年５月２３日,走行中にシフトケーブルが破断し、３速固定のままギアチェンジ不能となった。
186,2020年06月11日,千葉,ＨＰ,ニッサン,デイズルークス,2015年05月,"33,200 Km",DBA-B21A,3B20,保安灯火,２０２０年５月２２日頃,左ドアミラーが開閉出来なくなった。
187,2020年06月11日,静岡,ﾌﾘｰﾀﾞｲｱﾙ,ニッサン,ノート,2013年09月,"69,000 Km",DBA-E12,HR12,エンジン,２０２０年６月７,スーパーチャージャーのインレットチューブが接着部で破損したため、高速道路を走行中に突然異音が発生するとともに、エンジンが停止してしまった。
188,2020年06月11日,兵庫,ＨＰ,スズキ,パレットＳＷ,2012年02月,"56,675 Km",DBA-MK21S,K6A,かじ取り,一昨日から度々,電動ステアリングロックの不良により、突然に鍵マークが出てエンジンがかかったり、かからなかったりする。
189,2020年06月11日,岡山,ﾌﾘｰﾀﾞｲｱﾙ,トヨタ,プリウス,2015年12月,"25,600 Km",DAA-ZVW50,2ZR-1NM,車枠・車体,不明,Ｃピラーのクリア塗装が剥げた。
190,2020年06月11日,岡山,ﾌﾘｰﾀﾞｲｱﾙ,ヤンマー,ＥＧ２２７,不明,不明,EDM-30J,不明,エンジン,不明,エンジンに繋がっている冷却水ホースが破損した。
191,2020年06月10日,岩手,ＨＰ,フォルクスワーゲン,パサートヴァリアント,2012年08月,"40,000 Km",DBA-3CCAX,CAX,電気装置,２０１６年、２０１７年、２０１９年、２０,スピードセンサーの故障により、走行中に色々な警告灯が点灯した。２０１５年に購入してから４回発生している。
192,2020年06月10日,長野,ﾌﾘｰﾀﾞｲｱﾙ,トヨタ,ヴィッツ,2012年04月,"43,000 Km",DBA-NSP130,1NR,車枠・車体,不明,ホワイトパール塗装の車で、塗装面に気泡ができ、膨らんでいる。
193,2020年06月10日,東京,ﾌﾘｰﾀﾞｲｱﾙ,フォルクスワーゲン,ゴルフ,2018年08月,不明,DBA-AUCJZ,CJZ,その他,認定中古で購入して１ヶ月ほど,後退時バックモニターが点かない。
194,2020年06月10日,東京,ﾌﾘｰﾀﾞｲｱﾙ,フォルクスワーゲン,ゴルフ,2018年08月,不明,DBA-AUCJZ,CJZ,電気装置,認定中古で購入して１ヶ月ほど,電気系統の不具合により、鍵を持ってドアにタッチをしてもロックが解除されない。
195,2020年06月10日,東京,ﾌﾘｰﾀﾞｲｱﾙ,フォルクスワーゲン,ゴルフ,2018年08月,不明,DBA-AUCJZ,CJZ,制動装置,認定中古で購入して１ヶ月ほど,ブレーキからキーという異音がする。
196,2020年06月10日,埼玉,ﾌﾘｰﾀﾞｲｱﾙ,ＭＶ ＡＧＵＳＴＡ（生産国：イタリア）,Ｆ３　８００,2020年05月,不明,ZCGF110,不明,エンジン,購入当初から,バイクに乗るたび、エンジン始動不良、走行中のエンストが発生する。
197,2020年06月10日,埼玉,ﾌﾘｰﾀﾞｲｱﾙ,スズキ,スイフト,不明,不明,不明,不明,制動装置,２０２０年６月１０日,走行中にキーキーという異音がし始めた。
198,2020年06月10日,静岡,ＨＰ,クライスラー,ジープラングラーアンリミテッド,2008年01月,"73,000 Km",ABA-JK38L,8,電気装置,２０２０年６月,エンジンをかけたところ、通常点灯するインパネが点灯せず、シフトレバーが固定され、Ｐレンジから動かせず走行できなくなった。またその際、ワイパーが動き続け、ヘッドライトも点灯しており、どのスイッチを操作しても反応がなかった。
199,2020年06月10日,大阪,ＨＰ,メルセデス・ベンツ,Ｓ３００ｈ,2016年09月,"22,000 Km",LCA-222104,651-EM0007,排ｶﾞｽ･騒音,２０２０年４月,ＮＯｘセンサーの不良により、エンジンチェックランプが点灯した。
200,2020年06月10日,滋賀,ＨＰ,ニッサン,ＤＡＹＺ,2020年01月,"2,841 Km",4AA-B45W,BR06-SM21,動力伝達,２０２０年３月、４月,右折、左折のための減速時にブレーキペダルを踏み、ペダルから足を離した途端、車が暴走する。
201,2020年06月10日,和歌山,ＨＰ,マツダ,フレアクロスオーバー,2014年12月,"96,000 Km",DBA-MS31S,R06A,その他,２０２０年６月９日,エアコンのコンプレッサーにひびが入り、そこからエアコンのガスが抜けたため、エアコンが効かなくなった。
202,2020年06月10日,高知,ﾌﾘｰﾀﾞｲｱﾙ,ホンダ,Ｎ－ＷＧＮ,2014年02月,"52,000 Km",DBA-JH1,S07A,制動装置,不明,駐車ブレーキのワイヤーが錆つき、固くて解除できなくなった。
203,2020年06月10日,福岡,ＨＰ,ニッサン,リーフ,2019年05月,"15,000 Km",ZAA-ZE1,EM57,エンジン,２０２０年６月１０日１７時２６分,門から道路に出る時、人が通るのでブレーキをかけた後、ブレーキを緩めた時に急発進した。
204,2020年06月10日,熊本,ﾌﾘｰﾀﾞｲｱﾙ,その他,朝日洋行　ＲＴＧスチールホイール　クロムメッキ,2018年11月,不明,不明,不明,装置その他,購入後３ヶ月、その後も数ヶ月おきに,スチールホイールに数ヶ月で亀裂が発生し、タイヤの空気が抜けた。
205,2020年06月09日,山形,ﾌﾘｰﾀﾞｲｱﾙ,トヨタ,ルーミー,2017年11月,不明,DBA-M910A,1KR,その他,購入直後から,エアコンをつけると、鈴虫のような異音がする。
206,2020年06月09日,東京,ＨＰ,カワサキ,Ｈ２　ＳＸ　ＳＥ　プラス,2019年08月,"3,000 Km",2BL-ZXT02A,ZXT00NE,緩衝装置,２０２０年１月,フロントサスペンションから、オイルが漏れて出している。
207,2020年06月09日,東京,ＨＰ,ハーレーダビッドソン,ＸＧ７５０Ａ,2017年06月,"1,112 Km",EBL-XGG,G,制動装置,不明,ブレーキキャリパーのリコール修理後、キャリパーからブレーキフルードが漏れ出した。対策品とされるキャリパーに４回交換を行っているが、不具合が解消しない。
208,2020年06月09日,神奈川,電話,フォルクスワーゲン,ゴルフ,不明,不明,不明,不明,その他,不明,自動運転モードで走行している車に追突された。
209,2020年06月09日,神奈川,ＨＰ,ＢＭＷ,５３５ｉ,2011年03月,"87,000 Km",DBA-FR35,N55B30A,燃料装置,２０２０年５月,燃料コントロールユニットの不良により、高速道路を走行中にエンジン停止し、惰性で路肩に流れ着いた。その後、エンジンが始動しなくなった。
210,2020年06月09日,神奈川,ＨＰ,ＢＭＷ,５３５ｉ,2011年03月,"87,000 Km",DBA-FR35,N55B30A,燃料装置,２０２０年５月,高圧燃料ポンプの不良により、高速道路を走行中にエンジンが停止し、惰性で路肩に流れ着いた。その後、エンジンが始動しなくなった。
211,2020年06月09日,神奈川,ＨＰ,メルセデス・ベンツ,Ｓ４００ｈ,2015年05月,"75,000 Km",DAA-222057,276-21227,動力伝達,２０１９年１１月,車を停止し、バックするためギアをＤからＲに入れようとすると、ギアがニュートラルのままＤにもＲにも入らなくなり、車を前にも後ろにも動かせなくなった。
212,2020年06月09日,愛知,ＨＰ,ニッサン,ノート,2013年06月,"77,900 Km",DBA-E12,HR12,動力伝達,２０２０年３日,運転中、何らかの拍子に無段変速機（ＣＶＴ）の内部で不具合を起こし、信号待ちの直後に発進不良を起こす。
213,2020年06月09日,京都,ＨＰ,トヨタ,ヴォクシー,2015年02月,"42,800 Km",DBA-ZRR85G,3ZR,走行装置,２０２０年４月、５月,走行中、微かなカーブに差し掛かったとき、ピーと鳴って、マスターウォーニング、エンジン警告灯、スリップ表示灯が点灯し、４ＷＤシステムチェックというエラーが繰り返し出る。
214,2020年06月09日,兵庫,ＨＰ,トヨタ,エスティマ,2011年06月,"88,000 Km",DBA-ACR50W,2AZ,かじ取り,２０１９年６月頃から,路面の轍や段差を走行すると、ステアリング周りからコトコトと音がしてハンドルが振動する。
215,2020年06月09日,兵庫,ﾌﾘｰﾀﾞｲｱﾙ,トヨタ,カローラ,2013年05月,"11,700 Km",DBA-NZE161,1NZ,エンジン,２０２０年４月２４日,暖機のため、エンジンを始動したところ、突然車が動き出し、ブレーキをかけたはずであるにも関わず、４ｍ先の壁にぶつかってしまった。
216,2020年06月09日,山口,ﾌﾘｰﾀﾞｲｱﾙ,トヨタ,タンク,2020年03月,不明,DBA-M900A,1KR,保安灯火,不明,前席左右の窓ガラスを上下させるレギュレーターが、１本でガラスを支持する構造であるため、窓を半開状態にすると、１５ｍｍ程の大きがたつきが生じる。
217,2020年06月09日,福岡,ＨＰ,三菱,デリカＤ５,2017年05月,"40,000 Km",LDA-CV1W,4N14,排ｶﾞｽ･騒音,２０１９年春頃から,冷間始動時、空調を外気取込みで送風していると、排気ガス臭くなる。
218,2020年06月09日,福岡,ＨＰ,ＢＭＷ,Ｘ１,2011年06月,"29,629 Km",ABA-VL18,N46B20B,制動装置,２０２０年６月９日,車検整備前の試運転の際にブレーキが効かない症状が発生した。整備工場にて確認したところ、ブレーキブースターのバキュームホースに凹みができていた。
219,2020年06月08日,北海道,ＨＰ,ホンダ,エアウェイブ,2008年09月,"77,600 Km",DBA-GJ2,L15A,動力伝達,１週間前ぐらい,走行中に車両後部から突き上げるような振動と低く鈍いがかなり大きな異音が発生する。減速時にもコトコトという異音と振動がある。
220,2020年06月08日,北海道,ＨＰ,三菱,デリカＤ５,2015年07月,"58,700 Km",LDA-CV1W,4N14,排ｶﾞｽ･騒音,２０２０年６月１日,エキゾーストマニホールドのクラックにより排気ガス漏れが発生し、エアコン吹き出し口から車内に排気ガス臭が充満したため体調不良に見舞われた。
221,2020年06月08日,青森,ＨＰ,いすゞ,エルフ,2011年02月,"120,000 Km",BKG-NJS85,4JJ1,エンジン,２０２０年５月,シリンダヘッドの前側からひどいエンジンオイル漏れがあり、分解したところ、シリンダヘッドボルトが破損していた。
222,2020年06月08日,神奈川,ＨＰ,スバル,フォレスター,2014年02月,"19,800 Km",DBA-SJG,FA20,制動装置,２０１９年２月,ブレーキブースターの負圧漏れにより、ブレーキペダルが固くなり、エンジン始動時にブレーキペダルが踏み込めない。
223,2020年06月08日,神奈川,ＨＰ,マツダ,ＣＸ－８,2019年08月,不明,3DA-KG2P,SH,制動装置,新車購入時から,ブレーキペダルの踏み込み開始にカクッという感覚が起きることがある。
224,2020年06月08日,千葉,ﾌﾘｰﾀﾞｲｱﾙ,トヨタ,タンク,2017年06月,"34,000 Km",DBA-M900A,1KR,制動装置,新車購入から３年,ブレーキパッドとローターの消耗が早い。
225,2020年06月08日,埼玉,ﾌﾘｰﾀﾞｲｱﾙ,ハーレーダビッドソン,ファットボーイ,2018年01月,"17,000 Km",2BL-STK,K,走行装置,不明,タイヤが著しく早期に摩耗する。前輪が特にひどく、１度目は１００００ｋｍ乗ったが、交換してまた７０００ｋｍぐらいでスリップサインが出た。
226,2020年06月08日,茨城,ＨＰ,フォルクスワーゲン,ゴルフバリアント,2011年11月,"83,600 Km",DBA-1KCAV,CAV,動力伝達,２０１９年１０月、２０２０年６月,車庫にいれるためにバックしていたところ、アクセルペダルを踏んでもバックしなくなった。
227,2020年06月08日,山梨,ＨＰ,三菱,ふそうスーパーグレート,2013年01月,"324,200 Km",QKG-FV50VX,6R10,エンジン,２０１７年６月８日,ラジエーター本体のつなぎ目から冷却水が漏れ、走行不能になった。
228,2020年06月08日,山梨,ＨＰ,三菱,ふそうスーパーグレート,2015年09月,"205,512 Km",QKG-FV60VX,6R10,エンジン,２０１９年２月２日,樹脂製のエンジンオイルパンにヒビが入り、オイルが漏れていた。
229,2020年06月08日,山梨,ＨＰ,三菱,ふそうスーパーグレート,2015年09月,"246,200 Km",QKG-FV60VX,6R10,エンジン,２０１９年１０月２３日,ラジエーター本体のつなぎ目から冷却水が漏れ、走行不能になった。
230,2020年06月08日,愛知,ＨＰ,アウディ,Ａ４オールロードクワトロ,2011年02月,"130,000 Km",ABA-8KCDNA,CDN,電気装置,２０１９年１２月,高速道路を走行中にエンジン付近からドンという大きな音と振動があり、同時にエンジン制御システム警告灯とエキゾーストシステム警告灯が点滅した。その後、車両が激しく振動して速度も減速したため、路肩に停車しレッカーを呼んだ。
231,2020年06月08日,静岡,ＨＰ,ニッサン,デイズルークス,2014年03月,"32,200 Km",DBA-B21A,3B20,かじ取り,２０２０年６月４日,走行中にハンドルがきれなくなった。
232,2020年06月08日,大阪,ﾌﾘｰﾀﾞｲｱﾙ,その他,スズキＸＢＥＥドアランプ,不明,不明,DA28,不明,装置その他,購入して１年未満,ドアを開けると地面に車の名前が照らされるドアランプが、１年未満で色あせて文字が読めなくなった。
233,2020年06月08日,大阪,ﾌﾘｰﾀﾞｲｱﾙ,スズキ,スカイウェイブ,不明,不明,不明,不明,エンジン,不明,スペアキーでエンジンが始動しない。
234,2020年06月08日,兵庫,ＨＰ,マツダ,アテンザ,2013年05月,"160,000 Km",LDA-GJ2FP,SH,エンジン,２０２０年５月１８日,高速道路を走行中にエンジン警告灯及びエンジン油圧異常が表示され、アクセルペダルを踏んでも反応が無くなったため惰性で路肩に流れ着いた。点検の結果、オイルポンプの駆動チェーンが切れてエンジン油圧が喪失したものと診断された。
235,2020年06月08日,徳島,ＨＰ,スズキ,ワゴンＲ,2008年07月,"208,243 Km",DBA-MH22S,K6A,エンジン,２０２０年６月５日,一般道を走行中、突然異音がしてエンジンが停止した。
236,2020年06月08日,熊本,ＨＰ,トヨタ,プリウス,2009年06月,"114,200 Km",DAA-ZVW30,2ZR-3JM,車枠・車体,２０２０年６月１日,ボンネットの塗装がいきなりめくれて剥がれ落ちた。
237,2020年06月08日,熊本,ﾌﾘｰﾀﾞｲｱﾙ,三菱,ふそうスーパーグレート,2018年03月,"450,000 Km",2PG-FS74HZ,6R20,制動装置,不明,コンプレッサーの不具合により、エアドライヤーにオイルが混入し、そこからホースに伝って漏れる。
238,2020年06月08日,宮崎,ﾌﾘｰﾀﾞｲｱﾙ,三菱,ふそうキャンター,2012年02月,"127,100 Km",SKG-FEB50,4P10,動力伝達,不明,クラッチの不具合により、走行不能になった。
239,2020年06月08日,鹿児島,ﾌﾘｰﾀﾞｲｱﾙ,スズキ,ワゴンＲ,2010年02月,"49,000 Km",DBA-MH23S,K6A,かじ取り,２０１９年１０月,ハンドルをまっすぐにしているのに、勝手に左右に切れる状態になり、走行中にトラックにぶつかってしまった。
240,2020年06月08日,鹿児島,ﾌﾘｰﾀﾞｲｱﾙ,スズキ,ワゴンＲ,2010年02月,"49,000 Km",DBA-MH23S,K6A,その他,２０２０年６月,エアコンが効かなくなった。
241,2020年06月08日,沖縄,ＨＰ,ニッサン,デイズルークス　ハイウェイスター,2014年10月,"81,000 Km",DBA-B21A,3B20,保安灯火,２０２０年６月１日,左ドアの電動格納式ミラーが、ドアロック閉時に自動格納せず、モーターがガガガと空回り音がする。
242,2020年06月07日,秋田,ＨＰ,ホンダ,エリシオン,2009年10月,"95,000 Km",DBA-RR3,J30A,動力伝達,２０２０年５月３１日,高速道路走行中、突然クラッチが滑っているような感じになり、惰性で路肩に停車し、走行不能になった。
243,2020年06月07日,埼玉,ＨＰ,スバル,レガシィアウトバック,2011年06月,"86,900 Km",DBA-BR9,EJ25,保安灯火,２０１５年ごろから（新車購入後４年頃）,パワーウィンドウのボタンを押しても窓ガラスが開閉しなくなった。
244,2020年06月07日,愛知,ＨＰ,ニッサン,セレナ,2012年09月,"100,200 Km",DAA-HFC26,MR20-SM23,電気装置,新車購入より８年後、走行距離１０万ｋｍ,運転席からも聞こえるカラカラと言う異音が次第に大きくなったため、ボンネットを開けて確認したところ、オルタネータープーリーの回転に歪みを発見した。エンジン停止後、再始動するとファンベルトが外れた。
245,2020年06月07日,大阪,ＨＰ,スバル,エクシーガ,2008年07月,"150,000 Km",DBA-YA5,EJ20,動力伝達,２０１７年１１月頃,時速３０～４０ｋｍの時にエンジン回転数があがり、後ろから衝突されたかのような衝撃とともに急発進をした。ＡＴＦ　ｏｉｌ　ｔｅｍｐの警告が出た。
246,2020年06月07日,福岡,ＨＰ,ヤマハ,ＸＶＳ９５０ＣＵ　ＢＯＬＴ,2015年03月,"5,500 Km",EBL-VN04J,N605E,かじ取り,２０１５年９月,走行中、ハンドルを緩く握るとバンドルが激しくブレだす。
247,2020年06月06日,長野,ＨＰ,フィアット,パンダ,2015年03月,"46,500 Km",ABA-13909,312A2,動力伝達,２０２０年５月２４日,エンジン始動時の振動が普段よりも異常に大きく、ギアシフトもシフトレバー操作後、数秒後の動作となる。その際も大きなショックと異音があり、スムーズではない状況となる。
248,2020年06月06日,東京,ＨＰ,ＢＭＷ,６４０ｉ,2012年03月,"44,000 Km",DBA-LW30C,N55B30A,エンジン,２０２０年５月１０日,突然エンジンがかからなくなった。
249,2020年06月06日,埼玉,ＨＰ,クライスラー,ジープチェロキー,2014年11月,"49,200 Km",ABA-KL32L,S,動力伝達,２０２０年６月６日,山道を走行中にアクセルペダルを踏んだところ、バキッと音がし、フロントトランスファーギヤケースが破損した。その後、４ＷＤ機能を停止しますの警告灯が出た。
250,2020年06月06日,茨城,ＨＰ,ニッサン,デイズ,2015年03月,"11,300 Km",DBA-B21W,3B20,保安灯火,２０２０年５月,左側ドアミラーの格納モーターが空転するようになった。
251,2020年06月05日,北海道,ＨＰ,スズキ,ワゴンＲスティングレー,2012年02月,不明,CBA-MH23S,K6A,かじ取り,２０２０年６月,電動ステアリングロックの不良により、エンジンが始動しなくなった。
252,2020年06月05日,北海道,ＨＰ,スバル,レガシィ,2012年07月,"88,869 Km",DBA-BRM,FB25,エンジン,２０２０年６月１日,電装ハーネス内にエンジンオイルが浸入してＥＣＵまで到達したため、アイサイト、ＡＢＳ、横滑り防止装置、エンジンチェックランプが点灯し、アイサイトを含む安全装置が全てキャンセルになった。
253,2020年06月05日,福島,ﾌﾘｰﾀﾞｲｱﾙ,トヨタ,エスティマ,2007年01月,"79,700 Km",DBA-ACR50W,2AZ,エンジン,不明,エンジンオイルが異常消費し、オイルランプが点灯した。
254,2020年06月05日,長野,ＨＰ,ＢＭＷ,３２０ｄ,2015年06月,"43,000 Km",LDA-3D20,N47D20C,動力伝達,２０２０年３月,アイドリングストップ中に何らかのエンジン始動が必要な条件で自動的にエンジンを再始動する機能があるが、アイドリングストップして比較的短時間でエンジンが再始動し、その際に電子式のシフトのポジションがＤからＰへ勝手に切り替わっており、再度Ｄへ切り替えなくては発進できない。
255,2020年06月05日,神奈川,ＨＰ,ホンダ,Ｎ－ＢＯＸ,2017年09月,"20,500 Km",DBA-JF3,S07B,車枠・車体,２０２０年５月,運転席ドアと前方フェンダーに０．５ｍｍ位の段差ができている。
256,2020年06月05日,神奈川,ＨＰ,シトロエン,Ｃ４ピカソ,不明,不明,ABA-B7875G01,5G01,車枠・車体,２０１９年１２月,リアクロスメンバーの溶接割れにより、低速で走行すると後ろまわりからミシミシと軋み音がする。
257,2020年06月05日,神奈川,ﾌﾘｰﾀﾞｲｱﾙ,三菱,ＲＶＲ,2010年07月,"73,000 Km",DBA-GA3W,4B10,電気装置,不明,ＥＴＡＣＳ　ＥＣＵの不良により、信号待ちでブレーキペダルを踏んでいると、ナビ画面やメーターなどが消えたり、ブレーキシステム異常の警告が出る。
258,2020年06月05日,千葉,ＨＰ,マツダ,アクセラセダン,2016年07月,"12,000 Km",DBA-BM5FP,P5,保安灯火,２年くらい前から曇り、２０２０年６月悪化,テールランプ内に水滴や曇りが発生し、その後、ひどくなった。
259,2020年06月05日,栃木,ﾌﾘｰﾀﾞｲｱﾙ,アウディ,Ａ１,2011年11月,不明,DBA-8XCAX,CAX,動力伝達,不明,ＤＳＧの変速がスムーズでなくなっている。
260,2020年06月05日,栃木,ﾌﾘｰﾀﾞｲｱﾙ,フォルクスワーゲン,シャラン,2014年03月,"71,800 Km",DBA-7NCTH,CTH,車枠・車体,不明,電動開閉テールゲート搭載車で、開閉を行うドライブユニットが機械的に破損したため、部品が伸縮しなくなり、車室内に飛び出した状態になった。
261,2020年06月05日,鳥取,ＨＰ,トヨタ,カローラフィルダー,2013年02月,"74,600 Km",DBA-NZE164G,1NZ,保安灯火,２０２０年６月４日,ドアミラーが開かなくなった。
262,2020年06月05日,長崎,ＨＰ,フォルクスワーゲン,ザ・ビートル,2015年03月,"24,700 Km",DBA-16CBZ,CBZ,保安灯火,２０２０年６月,助手席側のパワーウインドを５ｃｍほど開けたところ、ガクガクと音がして、その後突然閉まらなくなった。エンジンを再始動したところ、鈍い音を立てながら閉まったものの、その後、鍵を開ける際、窓が全体の半分ほど勝手に開いてしまうようになった。
263,2020年06月04日,北海道,ＨＰ,スバル,レガシィツーリングワゴン,2010年09月,"84,000 Km",DBA-BR9,EJ25,制動装置,３年位前から,ブレーキブースターの負圧漏れにより、エンジン始動時にブレーキぺダルが固くなり踏み込めなくなった。
264,2020年06月04日,秋田,ＨＰ,ボルボ,Ｖ６０クロスカントリープロ,2019年09月,不明,DBA-ZB420,B420,車枠・車体,購入時から,購入時からボンネット右側のチリが合っていない（修理不能）
265,2020年06月04日,長野,ﾌﾘｰﾀﾞｲｱﾙ,トヨタ,タンク,2020年05月,不明,DBA-M900A,1KR,その他,購入してからすぐ,木陰に入ると速度計が暗くて読み取れない。
266,2020年06月04日,神奈川,ﾌﾘｰﾀﾞｲｱﾙ,ＢＭＷ,３２０ｄ,2019年06月,"8,400 Km",3DA-5V20,B47D20B,制動装置,購入してから１１ヶ月の間に３回発生,晴天時の昼、高速道路をＡＣＣで巡航していたところ、自動ブレーキの不要作動で急ブレーキがかかった。
267,2020年06月04日,神奈川,ﾌﾘｰﾀﾞｲｱﾙ,ＢＭＷ,３２０ｄ,2019年06月,"8,400 Km",3DA-5V20,B47D20B,燃料装置,２０２０年１月,燃料フィルターから燃料が漏れた。
268,2020年06月04日,千葉,ＨＰ,ホンダ,ステップワゴン,2011年03月,"56,900 Km",DBA-RK1,R20A,その他,２０１８年３月,車両に付属されたタイヤの空気入れの電源の配線が、ボロボロに朽ち果てた状態になっていた。
269,2020年06月04日,茨城,ＨＰ,ホンダ,フィットハイブリッド,2013年12月,"70,000 Km",DAA-GP5,LEB-H1,保安灯火,２０２０年５月,運転席側のパワーウインドウスイッチで窓を閉めようとすると、最初は窓が少し閉まるが、直ぐに再び開いてしまう。
270,2020年06月04日,茨城,ﾌﾘｰﾀﾞｲｱﾙ,スバル,Ｒ２,2006年05月,"78,000 Km",DBA-RC1,EN07,排ｶﾞｽ･騒音,２０２０年５月上旬,排気管のサイレンサーが外れた。
271,2020年06月04日,愛知,ﾌﾘｰﾀﾞｲｱﾙ,ホンダ,アコードワゴン,2003年03月,"90,800 Km",LA-CM3,K24A,燃料装置,不明,フューエルストレーナーの一番上の部分に亀裂が生じたため、燃料が漏れて、車室内が燃料臭くなった。
272,2020年06月04日,岐阜,ﾌﾘｰﾀﾞｲｱﾙ,三菱,デリカＤ２,2016年03月,"85,000 Km",DAA-MB36S,K12C-WA05A,乗車装置,２０２０／５／２５,電柱に１１ｋｍ／ｈでぶつかった際にエアバッグが展開し、やけどと親指に打撲を負った。
273,2020年06月04日,兵庫,ﾌﾘｰﾀﾞｲｱﾙ,フォルクスワーゲン,ポロ,2012年11月,"113,300 Km",DBA-6RCBZ,CBZ,動力伝達,２０２０年５月１１日,ＤＳＧのメカトロニクスの不良により、ガクガクと駆動力が途切れるような走行をするようになった。
274,2020年06月04日,熊本,ﾌﾘｰﾀﾞｲｱﾙ,スズキ,ワゴンＲ,2020年03月,不明,5AA-MH95S,R06D-WA04C,保安灯火,不明,窓を半分ほど開けて閉めると筋がつく。
275,2020年06月03日,山形,ﾌﾘｰﾀﾞｲｱﾙ,トヨタ,カムリハイブリッド,不明,不明,DAA-AVV50,2AR-2JM,その他,不明,フロントガラスの縁部に、気泡が入っているのを発見した。
276,2020年06月03日,長野,ﾌﾘｰﾀﾞｲｱﾙ,トヨタ,アクア,2013年11月,"64,900 Km",DAA-NHP10,1NZ-1LM,保安灯火,２０２０年３月,テールランプに水が溜まっているのを発見した。
277,2020年06月03日,千葉,ﾌﾘｰﾀﾞｲｱﾙ,トヨタ,Ｃ－ＨＲ,2019年02月,不明,DAA-ZYX10,2ZR-1NM,車枠・車体,購入直後から,ＴＲＤ製アグレッシブスタイルのエアロパーツを装着した車両で、気温が高くなると、フロントバンパーとエアロパーツに隙間ができる。
278,2020年06月03日,大阪,ＨＰ,三菱,ふそうキャンター,不明,不明,TKG-FEB90,4P10,排ｶﾞｽ･騒音,２０１６年位から,アドブルーの排気異常ランプが点灯する。
279,2020年06月03日,兵庫,ﾌﾘｰﾀﾞｲｱﾙ,スズキ,ハスラー,不明,不明,DAA-MR41S,R06A-WA04A,制動装置,不明,信号で停車時、ブレーキペダルを踏んでいるにも関わらず、車が前に進もうとし、追突しそうになった。
280,2020年06月03日,滋賀,ﾌﾘｰﾀﾞｲｱﾙ,スバル,レガシィ,2007年09月,"70,000 Km",CBA-BP5,EJ20,動力伝達,中古車購入時から,２速、３速の変速時に大きな変速ショックが発生する。
281,2020年06月03日,福岡,ﾌﾘｰﾀﾞｲｱﾙ,ジープ,ラングラー,2019年10月,不明,ABA-JL36L,G,制動装置,購入直後から３回,６０ｋｍ／ｈくらいで走行中、突然アラームが鳴るとともに衝突被害軽減ブレーキが不要作動し、急ブレーキがかかった。
282,2020年06月03日,不明,ﾌﾘｰﾀﾞｲｱﾙ,ニッサンＭＴ,マーチ,不明,"68,000 Km",DBA-K13,不明,電気装置,不明,オルタネーターが故障し、１５Ｖ以上の過充電をするようになった。
283,2020年06月02日,東京,ﾌﾘｰﾀﾞｲｱﾙ,ニッサン,フーガハイブリッド,2013年07月,"18,500 Km",DAA-HY51,VQ35-HM34,動力伝達,２０１８年８月１６日,高速道路で数十秒の間、加速しなくなった。
284,2020年06月02日,東京,ﾌﾘｰﾀﾞｲｱﾙ,ニッサン,フーガハイブリッド,2013年07月,"18,500 Km",DAA-HY51,VQ35-HM34,かじ取り,不明,停止時ハンドルを左右に切ると、ごりごり・こつこつと異音がし、振動もする。
285,2020年06月02日,神奈川,ＨＰ,マツダ,ＣＸ－３０,2020年03月,不明,3AA-DMFP,HF-MK,車枠・車体,２０２０年４月,センターコンソールのリッドのレバーにバリがあり、指を切り出血した。
286,2020年06月02日,千葉,ＨＰ,ボルボ,Ｖ４０　Ｔ４,2014年12月,"49,000 Km",DBA-MB4164T,B4164T,動力伝達,２０２０年５月,変速機の不具合により、アイドリング時にエンスト、速度低下、ミッションオイル漏れが発生し、ミッション性能低下のエラーが出た。
287,2020年06月02日,千葉,ＨＰ,マツダ,ＣＸ－５,2014年01月,"115,000 Km",LDA-KE2FW,SH,エンジン,２０２０年１月,暖房が効かなくなり、ボンネットを開けてみるとクーラントが噴き出た形跡があった。調べてみるとシリンダーヘッドが歪み、ガスケットが抜けていた。
288,2020年06月02日,埼玉,ＨＰ,ＢＭＷ,２１８ｄグランツアラー,2017年02月,"5,000 Km",LDA-2E20,B47C20A,車枠・車体,２０１７年７月～２０１９年１２月頃に、４,何も操作していないのに、電動リヤゲートが停車中・走行中に勝手に開いた（リモコン等を誤って操作したわけではない）。
289,2020年06月02日,愛知,ﾌﾘｰﾀﾞｲｱﾙ,トヨタ,ノア,不明,不明,DBA-AZR60G,不明,乗車装置,不明,電動スライドドアのワイヤーが噛みこみ、開閉できなくなった。
290,2020年06月02日,和歌山,ＨＰ,スズキ,パレット,2012年08月,"52,000 Km",DBA-MK21S,K6A,かじ取り,２０２０年５月２９日,電動ステアリングロックの不良により、エンジンがかからなくなった。
291,2020年06月02日,福岡,ＨＰ,メルセデス・ベンツ,ＣＬＳ３５０,2005年08月,"75,858 Km",DBA-219356C,272,動力伝達,２０２０年５月１５日,バッテリー警告点灯でバッテリーを交換後、４回～５回、１００ｋｍ弱使用したところで、シフトモジュールコンピューターが故障し、エンジンがかからない、かかってもシフトレバーが動かないなどの症状が出るようになった。
292,2020年06月01日,福島,電話,ＵＤトラックス,クオン,2013年06月,"587,000 Km",QKG-CG5ZE,GH11,その他,約１年前,エアコンプレッサー内部の上部にあるネジが外れてコンプレッサーが壊れた。
293,2020年06月01日,山形,ﾌﾘｰﾀﾞｲｱﾙ,トヨタ,ルーミー,2017年11月,不明,DBA-M910A,1KR,制動装置,２０２０年,エンジンとブレーキマスターバッグの間にあるチェックバルブに異物が詰まったため、走行中に突然ブレーキが固くなって効かなくなった。
294,2020年06月01日,長野,ＨＰ,ジープ,コンパス,2020年01月,不明,ABA-M624,B,エンジン,２０２０年５月２５日,一般道路走行中にアクセルペダルが折れた。
295,2020年06月01日,愛知,ﾌﾘｰﾀﾞｲｱﾙ,三菱,ふそうスーパーグレート,2018年11月,"42,400 Km",2PG-FU70HY,6R20,走行装置,不明,新車装着されているタイヤで、空荷で走行していると、タイヤが滑る。
296,2020年06月01日,静岡,ﾌﾘｰﾀﾞｲｱﾙ,メルセデス・ベンツ,Ｂ１８０スポーツリミテッド,2014年12月,"33,830 Km",DBA-246242,270,エンジン,２０２０年,トランスミッションのコンピューター不良により、エンジンが始動しなくなった。
297,2020年06月01日,和歌山,ﾌﾘｰﾀﾞｲｱﾙ,マツダ,アクセラ,2016年09月,不明,LDA-BMLFS,S5,車枠・車体,２０１９年,始動時、車室内でガラガラと異音が出る。一度修理を行ったが、音と別に科学的な異臭もするようになった。
298,2020年06月01日,高知,ＨＰ,トヨタ,ＭＲ－Ｓ,2007年02月,"106,000 Km",TA-ZZW30,1ZZ,動力伝達,２０２０年４月,走行中にシーケンシャルミッション警告灯が点灯し、ギアの切り替えが出来なくなり、停車しようとしたらエンジンストールで停車した。
